key,spp,locality,lat,lon,COI
JRD001,Papilio machaon dodi,"Canada: Alberta, Drumheller Town",51.47276,-112.70495,M
JRD002,Papilio machaon dodi,"Canada: Alberta, Drumheller Town",51.47276,-112.70495,M
JRD003,Papilio zelicaon x machaon ,"Canada: Alberta, Buck Mountain",53.05209,-114.73961,Z
JRD004,Papilio zelicaon x machaon ,"Canada: Alberta, Buck Mountain",53.05209,-114.73961,Z
JRD005,Papilio zelicaon x machaon ,"Canada: Alberta, Buck Mountain",53.05209,-114.73961,Z
JRD006,Papilio zelicaon x machaon ,"Canada: Alberta, Buck Mountain",53.05209,-114.73961,Z
JRD007,Papilio zelicaon x machaon ,"Canada: Alberta, Buck Mountain",53.05209,-114.73961,Z
JRD008,Papilio zelicaon x machaon ,"Canada: Alberta, Buck Mountain",53.05209,-114.73961,Z
JRD009,Papilio zelicaon x machaon ,"Canada: Alberta, Buck Mountain",53.05209,-114.73961,Z
JRD010,Papilio zelicaon x machaon ,"Canada: Alberta, Buck Mountain",53.05209,-114.73961,Z
JRD011,Papilio zelicaon x machaon ,"Canada: Alberta, Buck Mountain",53.05209,-114.73961,Z
JRD012,Papilio zelicaon x machaon ,"Canada: Alberta, Antler Hill",52.06313,-113.89374,Z
JRD013,Papilio zelicaon x machaon ,"Canada: Alberta, Antler Hill",52.06313,-113.89374,Z
JRD014,Papilio zelicaon x machaon ,"Canada: Alberta, Antler Hill",52.06313,-113.89374,Z
JRD015,Papilio zelicaon x machaon ,"Canada: Alberta, Antler Hill",52.06313,-113.89374,Z
JRD016,Papilio zelicaon x machaon ,"Canada: Alberta, Antler Hill",52.06313,-113.89374,Z
JRD017,Papilio zelicaon x machaon ,"Canada: Alberta, Antler Hill",52.06313,-113.89374,Z
JRD018,Papilio zelicaon x machaon ,"Canada: Alberta, Antler Hill",52.06313,-113.89374,Z
JRD019,Papilio machaon dodi,"Canada: Alberta, Drumheller Town",51.47276,-112.70495,M
JRD020,Papilio machaon dodi,"Canada: Alberta, Drumheller Town",51.47276,-112.70495,M
JRD021,Papilio machaon dodi,"Canada: Alberta, Drumheller Town",51.47276,-112.70495,M
JRD022,Papilio zelicaon x machaon ,"Canada: Alberta, Buck Mountain",53.05209,-114.73961,Z
JRD023,Papilio zelicaon x machaon ,"Canada: Alberta, Buck Mountain",53.05209,-114.73961,Z
JRD024,Papilio zelicaon x machaon ,"Canada: Alberta, Buck Mountain",53.05209,-114.73961,Z
JRD025,Papilio zelicaon x machaon ,"Canada: Alberta, Buck Mountain",53.05209,-114.73961,Z
JRD026,Papilio zelicaon x machaon ,"Canada: Alberta, Buck Mountain",53.05209,-114.73961,Z
JRD027,Papilio zelicaon x machaon ,"Canada: Alberta, Buck Mountain",53.05209,-114.73961,Z
JRD028,Papilio zelicaon x machaon ,"Canada: Alberta, Buck Mountain",53.05209,-114.73961,Z
JRD029,Papilio zelicaon x machaon ,"Canada: Alberta, Buck Mountain",53.05209,-114.73961,Z
JRD030,Papilio zelicaon x machaon ,"Canada: Alberta, Buck Mountain",53.05209,-114.73961,Z
JRD031,Papilio zelicaon x machaon ,"Canada: Alberta, Buck Mountain",53.05209,-114.73961,Z
JRD032,Papilio zelicaon x machaon ,"Canada: Alberta, Buck Mountain",53.05209,-114.73961,Z
JRD033,Papilio zelicaon x machaon ,"Canada: Alberta, Buck Mountain",53.05209,-114.73961,Z
JRD034,Papilio zelicaon x machaon ,"Canada: Alberta, Buck Mountain",53.05209,-114.73961,Z
JRD035,Papilio zelicaon ,"Canada: Alberta, Marten Mountain",55.47031,-114.78509,Z
JRD036,Papilio zelicaon ,"Canada: Alberta, Marten Mountain",55.47031,-114.78509,Z
JRD037,Papilio zelicaon x machaon ,"Canada: Alberta, Fish Butte",50.91694,-114.53558,Z
JRD038,Papilio zelicaon x machaon ,"Canada: Alberta, Fish Butte",50.91694,-114.53558,H
JRD039,Papilio zelicaon x machaon ,"Canada: Alberta, Fish Butte",50.91694,-114.53558,M
JRD040,Papilio zelicaon ,"Canada: Alberta, Marten Mountain",55.47031,-114.78509,Z
JRD041,Papilio zelicaon ,"Canada: Alberta, Marten Mountain",55.47031,-114.78509,Z
JRD042,Papilio zelicaon ,"Canada: Alberta, Marten Mountain",55.47031,-114.78509,Z
JRD043,Papilio zelicaon ,"Canada: Alberta, Marten Mountain",55.47031,-114.78509,Z
JRD044,Papilio zelicaon ,"Canada: Alberta, Marten Mountain",55.47031,-114.78509,Z
JRD045,Papilio zelicaon ,"Canada: Alberta, Marten Mountain",55.47031,-114.78509,Z
JRD046,Papilio zelicaon ,"Canada: Alberta, Marten Mountain",55.47031,-114.78509,Z
JRD047,Papilio zelicaon x machaon ,"Canada: Alberta, Marten Mountain",55.47031,-114.78509,H
JRD048,Papilio zelicaon ,"Canada: Alberta, Marten Mountain",55.47031,-114.78509,Z
JRD049,Papilio zelicaon ,"Canada: Alberta, Marten Mountain",55.47031,-114.78509,Z
JRD050,Papilio zelicaon ,"Canada: Alberta, Marten Mountain",55.47031,-114.78509,Z
JRD051,Papilio zelicaon ,"Canada: Alberta, Marten Mountain",55.47031,-114.78509,Z
JRD052,Papilio zelicaon ,"Canada: Alberta, Marten Mountain",55.47031,-114.78509,Z
JRD053,Papilio zelicaon ,"Canada: Alberta, Marten Mountain",55.47031,-114.78509,Z
JRD059,Papilio zelicaon ,"Canada: Alberta, House Mountain",55.04839,-115.59475,Z
JRD060,Papilio zelicaon ,"Canada: Alberta, House Mountain",55.04839,-115.59475,Z
JRD061,Papilio zelicaon ,"Canada: Alberta, House Mountain",55.04839,-115.59475,Z
JRD062,Papilio zelicaon ,"Canada: Alberta, House Mountain",55.04839,-115.59475,Z
JRD063,Papilio zelicaon ,"Canada: Alberta, House Mountain",55.04839,-115.59475,Z
JRD064,Papilio zelicaon ,"Canada: Alberta, House Mountain",55.04839,-115.59475,Z
JRD065,Papilio zelicaon ,"Canada: Alberta, House Mountain",55.04839,-115.59475,Z
JRD066,Papilio zelicaon ,"Canada: Alberta, House Mountain",55.04839,-115.59475,Z
JRD067,Papilio zelicaon ,"Canada: Alberta, House Mountain",55.04839,-115.59475,Z
JRD068,Papilio zelicaon ,"Canada: Alberta, House Mountain",55.04839,-115.59475,Z
JRD069,Papilio zelicaon ,"Canada: Alberta, House Mountain",55.04839,-115.59475,Z
JRD070,Papilio zelicaon ,"Canada: Alberta, House Mountain",55.04839,-115.59475,Z
JRD071,Papilio zelicaon ,"Canada: Alberta, House Mountain",55.04839,-115.59475,Z
JRD072,Papilio zelicaon ,"Canada: Alberta, House Mountain",55.04839,-115.59475,Z
JRD073,Papilio zelicaon ,"Canada: Alberta, House Mountain",55.04839,-115.59475,Z
JRD074,Papilio zelicaon ,"Canada: Alberta, House Mountain",55.04839,-115.59475,Z
JRD075,Papilio zelicaon ,"Canada: Alberta, House Mountain",55.04839,-115.59475,Z
JRD076,Papilio zelicaon ,"Canada: Alberta, Goose Mountain",54.75171,-116.03276,Z
JRD077,Papilio zelicaon ,"Canada: Alberta, Goose Mountain",54.75171,-116.03276,Z
JRD078,Papilio zelicaon ,"Canada: Alberta, Goose Mountain",54.75171,-116.03276,Z
JRD079,Papilio zelicaon ,"Canada: Alberta, Goose Mountain",54.75171,-116.03276,Z
JRD080,Papilio zelicaon ,"Canada: Alberta, Goose Mountain",54.75171,-116.03276,Z
JRD081,Papilio zelicaon ,"Canada: Alberta, Goose Mountain",54.75171,-116.03276,Z
JRD082,Papilio zelicaon ,"Canada: Alberta, Goose Mountain",54.75171,-116.03276,Z
JRD083,Papilio zelicaon ,"Canada: Alberta, Goose Mountain",54.75171,-116.03276,Z
JRD084,Papilio zelicaon ,"Canada: Alberta, Goose Mountain",54.75171,-116.03276,Z
JRD085,Papilio zelicaon ,"Canada: Alberta, Goose Mountain",54.75171,-116.03276,Z
JRD086,Papilio zelicaon ,"Canada: Alberta, Goose Mountain",54.75171,-116.03276,Z
JRD087,Papilio zelicaon ,"Canada: Alberta, Goose Mountain",54.75171,-116.03276,Z
JRD088,Papilio zelicaon ,"Canada: Alberta, Goose Mountain",54.75171,-116.03276,Z
JRD089,Papilio zelicaon ,"Canada: Alberta, Goose Mountain",54.75171,-116.03276,Z
JRD090,Papilio zelicaon ,"Canada: Alberta, Goose Mountain",54.75171,-116.03276,Z
JRD091,Papilio zelicaon ,"Canada: Alberta, Goose Mountain",54.75171,-116.03276,Z
JRD092,Papilio zelicaon ,"Canada: Alberta, Goose Mountain",54.75171,-116.03276,Z
JRD093,Papilio zelicaon ,"Canada: Alberta, Goose Mountain",54.75171,-116.03276,Z
JRD094,Papilio zelicaon ,"Canada: Alberta, Goose Mountain",54.75171,-116.03276,Z
JRD095,Papilio zelicaon ,"Canada: Alberta, Goose Mountain",54.75171,-116.03276,Z
JRD096,Papilio zelicaon ,"Canada: Alberta, Goose Mountain",54.75171,-116.03276,Z
JRD097,Papilio zelicaon ,"Canada: Alberta, Goose Mountain",54.75171,-116.03276,Z
JRD098,Papilio zelicaon ,"Canada: Alberta, Goose Mountain",54.75171,-116.03276,Z
JRD099,Papilio zelicaon ,"Canada: Alberta, Goose Mountain",54.75171,-116.03276,Z
JRD100,Papilio zelicaon ,"Canada: Alberta, Goose Mountain",54.75171,-116.03276,Z
JRD101,Papilio zelicaon ,"Canada: Alberta, Goose Mountain",54.75171,-116.03276,Z
JRD102,Papilio zelicaon x machaon ,"Canada: Alberta, Buck Mountain",53.05209,-114.73961,Z
JRD103,Papilio zelicaon x machaon ,"Canada: Alberta, Buck Mountain",53.05209,-114.73961,Z
JRD104,Papilio zelicaon x machaon ,"Canada: Alberta, Buck Mountain",53.05209,-114.73961,Z
JRD105,Papilio zelicaon x machaon ,"Canada: Alberta, Buck Mountain",53.05209,-114.73961,Z
JRD106,Papilio zelicaon x machaon ,"Canada: Alberta, Buck Mountain",53.05209,-114.73961,Z
JRD107,Papilio zelicaon ,"Canada: Alberta, Kleskun Hills",55.25466,-118.52737,Z
JRD108,Papilio zelicaon ,"Canada: British Columbia, Bullhead Mountain",56.0457,-122.13297,Z
JRD109,Papilio zelicaon ,"Canada: British Columbia, Bullhead Mountain",56.0457,-122.13297,Z
JRD110,Papilio zelicaon ,"Canada: British Columbia, Bullhead Mountain",56.0457,-122.13297,Z
JRD111,Papilio zelicaon ,"Canada: British Columbia, Bullhead Mountain",56.0457,-122.13297,Z
JRD112,Papilio zelicaon ,"Canada: British Columbia, Bullhead Mountain",56.0457,-122.13297,Z
JRD113,Papilio zelicaon ,"Canada: British Columbia, Bullhead Mountain",56.0457,-122.13297,Z
JRD114,Papilio zelicaon ,"Canada: British Columbia, Bullhead Mountain",56.0457,-122.13297,Z
JRD115,Papilio zelicaon ,"Canada: British Columbia, Bullhead Mountain",56.0457,-122.13297,Z
JRD116,Papilio zelicaon ,"Canada: British Columbia, Bullhead Mountain",56.0457,-122.13297,Z
JRD117,Papilio zelicaon ,"Canada: British Columbia, Bullhead Mountain",56.0457,-122.13297,Z
JRD118,Papilio zelicaon ,"Canada: British Columbia, Bullhead Mountain",56.0457,-122.13297,Z
JRD119,Papilio machaon pikei,"Canada: British Columbia, Bullhead Mountain",56.0457,-122.13297,M
JRD120,Papilio zelicaon ,"Canada: British Columbia, Bullhead Mountain",56.0457,-122.13297,Z
JRD121,Papilio zelicaon ,"Canada: British Columbia, Bullhead Mountain",56.0457,-122.13297,Z
JRD122,Papilio zelicaon ,"Canada: British Columbia, Bullhead Mountain",56.0457,-122.13297,Z
JRD123,Papilio machaon pikei,"Canada: British Columbia, Lynx Ridge Road",56.11653,-121.79996,M
JRD124,Papilio machaon pikei,"Canada: British Columbia, Lynx Ridge Road",56.11653,-121.79996,M
JRD125,Papilio machaon pikei,"Canada: British Columbia, Lynx Ridge Road",56.11653,-121.79996,M
JRD126,Papilio zelicaon ,"Canada: British Columbia, Lynx Ridge Road",56.11653,-121.79996,Z
JRD127,Papilio machaon pikei,"Canada: British Columbia, Lynx Ridge Road",56.11653,-121.79996,M
JRD128,Papilio zelicaon ,"Canada: British Columbia, Lynx Ridge Road",56.11653,-121.79996,Z
JRD129,Papilio machaon pikei,"Canada: British Columbia, Lynx Ridge Road",56.11653,-121.79996,M
JRD130,Papilio machaon pikei,"Canada: British Columbia, Lynx Ridge Road",56.11653,-121.79996,M
JRD131,Papilio machaon pikei,"Canada: British Columbia, Lynx Ridge Road",56.11653,-121.79996,M
JRD132,Papilio machaon pikei,"Canada: British Columbia, Lynx Ridge Road",56.11653,-121.79996,M
JRD133,Papilio machaon pikei,"Canada: British Columbia, Lynx Ridge Road",56.11653,-121.79996,M
JRD134,Papilio machaon pikei,"Canada: British Columbia, Lynx Ridge Road",56.11653,-121.79996,M
JRD135,Papilio machaon pikei,"Canada: British Columbia, Lynx Ridge Road",56.11653,-121.79996,M
JRD170,Papilio machaon pikei,"Canada: Alberta, Highland Park North",56.13076,-118.88931,M
JRD171,Papilio machaon pikei,"Canada: Alberta, Highland Park North",56.13076,-118.88931,M
JRD172,Papilio machaon pikei,"Canada: Alberta, Highland Park North",56.13076,-118.88931,M
JRD173,Papilio machaon pikei,"Canada: Alberta, Highland Park North",56.13076,-118.88931,M
JRD174,Papilio machaon pikei,"Canada: Alberta, Highland Park North",56.13076,-118.88931,M
JRD175,Papilio machaon pikei,"Canada: Alberta, Highland Park North",56.13076,-118.88931,M
JRD176,Papilio machaon pikei,"Canada: Alberta, Highland Park North",56.13076,-118.88931,M
JRD177,Papilio machaon pikei,"Canada: Alberta, Highland Park North",56.13076,-118.88931,M
JRD178,Papilio machaon pikei,"Canada: Alberta, Highland Park North",56.13076,-118.88931,M
JRD179,Papilio zelicaon ,"Canada: Alberta, Highland Park Central",56.01923,-118.80972,Z
JRD180,Papilio machaon pikei,"Canada: Alberta, Kaufman Hill",56.24883,-117.27408,M
JRD181,Papilio machaon pikei,"Canada: Alberta, Kaufman Hill",56.24883,-117.27408,M
JRD182,Papilio machaon pikei,"Canada: Alberta, Kaufman Hill",56.24883,-117.27408,M
JRD183,Papilio machaon pikei,"Canada: Alberta, Kaufman Hill",56.24883,-117.27408,M
JRD184,Papilio zelicaon ,"Canada: Alberta, Kaufman Hill",56.24883,-117.27408,Z
JRD185,Papilio machaon pikei,"Canada: Alberta, Kaufman Hill",56.24883,-117.27408,M
JRD186,Papilio machaon pikei,"Canada: Alberta, Kaufman Hill",56.24883,-117.27408,M
JRD187,Papilio machaon pikei,"Canada: Alberta, Kaufman Hill",56.24883,-117.27408,M
JRD188,Papilio machaon pikei,"Canada: Alberta, Kaufman Hill",56.24883,-117.27408,M
JRD189,Papilio machaon pikei,"Canada: Alberta, Kaufman Hill",56.24883,-117.27408,M
JRD190,Papilio machaon pikei,"Canada: Alberta, Kaufman Hill",56.24883,-117.27408,M
JRD191,Papilio machaon pikei,"Canada: Alberta, Kaufman Hill",56.24883,-117.27408,M
JRD192,Papilio machaon pikei,"Canada: Alberta, Kaufman Hill",56.24883,-117.27408,M
JRD193,Papilio zelicaon x machaon ,"Canada: Alberta, Shunda Fire Lookout",52.48259,-115.73825,Z
JRD194,Papilio zelicaon x machaon ,"Canada: Alberta, Shunda Fire Lookout",52.48259,-115.73825,Z
JRD195,Papilio zelicaon x machaon ,"Canada: Alberta, Shunda Fire Lookout",52.48259,-115.73825,Z
JRD196,Papilio zelicaon x machaon ,"Canada: Alberta, Shunda Fire Lookout",52.48259,-115.73825,Z
JRD197,Papilio zelicaon x machaon ,"Canada: Alberta, Shunda Fire Lookout",52.48259,-115.73825,Z
JRD198,Papilio zelicaon x machaon ,"Canada: Alberta, Shunda Mountain",52.53151,-116.1261,Z
JRD199,Papilio zelicaon x machaon ,"Canada: Alberta, Shunda Mountain",52.53151,-116.1261,M
JRD200,Papilio zelicaon x machaon ,"Canada: Alberta, Shunda Mountain",52.53151,-116.1261,Z
JRD201,Papilio zelicaon x machaon ,"Canada: Alberta, Shunda Mountain",52.53151,-116.1261,M
JRD202,Papilio zelicaon x machaon ,"Canada: Alberta, Shunda Mountain",52.53151,-116.1261,Z
JRD203,Papilio zelicaon x machaon ,"Canada: Alberta, Shunda Mountain",52.53151,-116.1261,H
JRD205,Papilio zelicaon x machaon ,"Canada: Alberta, Powderface Mountain",50.84316,-114.84863,Z
JRD206,Papilio zelicaon x machaon ,"Canada: Alberta, Shunda Fire Lookout",52.48259,-115.73825,Z
JRD207,Papilio zelicaon x machaon ,"Canada: Alberta, Shunda Fire Lookout",52.48259,-115.73825,Z
JRD209,Papilio machaon dodi,"Canada: Alberta, Tolman Bridge",51.84258,-113.00796,M
JRD210,Papilio machaon dodi,"Canada: Alberta, Tolman Bridge",51.84258,-113.00796,M
JRD211,Papilio machaon dodi,"Canada: Alberta, Tolman Bridge",51.84258,-113.00796,M
JRD212,Papilio machaon dodi,"Canada: Alberta, Tolman Bridge",51.84258,-113.00796,M
JRD213,Papilio machaon dodi,"Canada: Alberta, Tolman Bridge",51.84258,-113.00796,M
JRD214,Papilio machaon dodi,"Canada: Alberta, Tolman Bridge",51.84258,-113.00796,M
JRD215,Papilio machaon dodi,"Canada: Alberta, Tolman Bridge",51.84258,-113.00796,M
JRD216,Papilio machaon dodi,"Canada: Alberta, Tolman Bridge",51.84258,-113.00796,M
JRD217,Papilio machaon dodi,"Canada: Alberta, Tolman Bridge",51.84258,-113.00796,M
JRD218,Papilio machaon dodi,"Canada: Alberta, Tolman Bridge",51.84258,-113.00796,M
JRD219,Papilio machaon dodi,"Canada: Alberta, Tolman Bridge",51.84258,-113.00796,M
JRD220,Papilio machaon dodi,"Canada: Alberta, Tolman Bridge",51.84258,-113.00796,M
JRD221,Papilio machaon dodi,"Canada: Alberta, Tolman Bridge",51.84258,-113.00796,M
JRD222,Papilio machaon dodi,"Canada: Alberta, Drumheller Town",51.47276,-112.70495,M
JRD223,Papilio machaon dodi,"Canada: Alberta, Drumheller Town",51.47276,-112.70495,M
JRD224,Papilio machaon dodi,"Canada: Alberta, Drumheller Town",51.47276,-112.70495,M
JRD225,Papilio machaon dodi,"Canada: Alberta, Drumheller Town",51.47276,-112.70495,M
JRD226,Papilio machaon dodi,"Canada: Alberta, Drumheller Town",51.47276,-112.70495,M
JRD227,Papilio machaon dodi,"Canada: Alberta, Drumheller Town",51.47276,-112.70495,M
JRD228,Papilio machaon dodi,"Canada: Alberta, Drumheller Town",51.47276,-112.70495,M
JRD229,Papilio machaon dodi,"Canada: Alberta, Drumheller Town",51.47276,-112.70495,M
JRD230,Papilio machaon dodi,"Canada: Alberta, Drumheller Town",51.47276,-112.70495,M
JRD231,Papilio machaon dodi,"Canada: Alberta, Drumheller Town",51.47276,-112.70495,M
JRD232,Papilio machaon dodi,"Canada: Alberta, Drumheller Town",51.47276,-112.70495,M
JRD233,Papilio machaon dodi,"Canada: Alberta, Drumheller Town",51.47276,-112.70495,M
JRD234,Papilio machaon dodi,"Canada: Alberta, Drumheller Town",51.47276,-112.70495,M
JRD235,Papilio machaon dodi,"Canada: Alberta, Drumheller Town",51.47276,-112.70495,M
JRD236,Papilio machaon dodi,"Canada: Alberta, Drumheller Town",51.47276,-112.70495,M
JRD237,Papilio zelicaon x machaon ,"Canada: Alberta, Powderface Mountain",50.84316,-114.84863,Z
JRD238,Papilio zelicaon x machaon ,"Canada: Alberta, Buck Mountain",53.05209,-114.73961,Z
JRD239,Papilio zelicaon x machaon ,"Canada: Alberta, Buck Mountain",53.05209,-114.73961,Z
JRD240,Papilio zelicaon x machaon ,"Canada: Alberta, Buck Mountain",53.05209,-114.73961,Z
JRD241,Papilio zelicaon x machaon ,"Canada: Alberta, Buck Mountain",53.05209,-114.73961,Z
JRD242,Papilio zelicaon x machaon ,"Canada: Alberta, Buck Mountain",53.05209,-114.73961,Z
JRD243,Papilio zelicaon x machaon ,"Canada: Alberta, Buck Mountain",53.05209,-114.73961,Z
JRD244,Papilio zelicaon x machaon ,"Canada: Alberta, Buck Mountain",53.05209,-114.73961,Z
JRD245,Papilio machaon dodi,"Canada: Alberta, Morrin Bridge",51.64462,-112.92085,M
JRD246,Papilio machaon dodi,"Canada: Alberta, Morrin Bridge",51.64462,-112.92085,M
JRD247,Papilio machaon dodi,"Canada: Alberta, Morrin Bridge",51.64462,-112.92085,M
JRD248,Papilio machaon dodi,"Canada: Alberta, Morrin Bridge",51.64462,-112.92085,M
JRD249,Papilio machaon dodi,"Canada: Alberta, Horsethief Canyon",51.50378,-112.92857,M
JRD250,Papilio machaon dodi,"Canada: Alberta, Morrin Bridge",51.64462,-112.92085,M
JRD251,Papilio machaon dodi,"Canada: Alberta, Morrin Bridge",51.64462,-112.92085,M
JRD252,Papilio machaon dodi,"Canada: Alberta, Morrin Bridge",51.64462,-112.92085,M
JRD253,Papilio machaon dodi,"Canada: Alberta, Morrin Bridge",51.64462,-112.92085,M
JRD254,Papilio machaon dodi,"Canada: Alberta, Horsethief Canyon",51.50378,-112.92857,M
JRD255,Papilio machaon dodi,"Canada: Alberta, Horsethief Canyon",51.50378,-112.92857,M
JRD256,Papilio machaon dodi,"Canada: Alberta, Horsethief Canyon",51.50378,-112.92857,M
JRD257,Papilio machaon dodi,"Canada: Alberta, Horsethief Canyon",51.50378,-112.92857,M
JRD258,Papilio machaon dodi,"Canada: Alberta, Morrin Bridge",51.64462,-112.92085,M
JRD259,Papilio machaon dodi,"Canada: Alberta, Horsethief Canyon",51.50378,-112.92857,M
JRD260,Papilio machaon dodi,"Canada: Alberta, Orkney Lookout along Red Deer River",51.54887,-112.89692,M
JRD261,Papilio machaon dodi,"Canada: Alberta, Morrin Bridge",51.64462,-112.92085,M
JRD262,Papilio machaon dodi,"Canada: Alberta, Morrin Bridge",51.64462,-112.92085,M
JRD263,Papilio machaon dodi,"Canada: Alberta, Horsethief Canyon",51.50378,-112.92857,M
JRD264,Papilio machaon dodi,"Canada: Alberta, Lousana",52.07838,-113.00907,M
JRD265,Papilio machaon dodi,"Canada: Alberta, Orkney Lookout along Red Deer River",51.54887,-112.89692,M
JRD266,Papilio machaon dodi,"Canada: Alberta, Morrin Bridge",51.64462,-112.92085,M
JRD267,Papilio machaon dodi,"Canada: Alberta, Horsethief Canyon",51.50378,-112.92857,M
JRD268,Papilio machaon dodi,"Canada: Alberta, Tolman Bridge",51.84258,-113.00796,M
JRD269,Papilio machaon dodi,"Canada: Alberta, Horsethief Canyon",51.50378,-112.92857,M
JRD270,Papilio machaon dodi,"Canada: Alberta, Orkney Lookout along Red Deer River",51.54887,-112.89692,M
JRD271,Papilio machaon dodi,"Canada: Alberta, Orkney Lookout along Red Deer River",51.54887,-112.89692,M
JRD272,Papilio machaon dodi,"Canada: Alberta, Morrin Bridge",51.64462,-112.92085,M
JRD273,Papilio machaon dodi,"Canada: Alberta, Morrin Bridge",51.64462,-112.92085,M
JRD274,Papilio machaon dodi,"Canada: Alberta, Morrin Bridge",51.64462,-112.92085,M
JRD275,Papilio machaon dodi,"Canada: Alberta, Horsethief Canyon",51.50378,-112.92857,M
JRD276,Papilio machaon dodi,"Canada: Alberta, Horsethief Canyon",51.50378,-112.92857,M
JRD277,Papilio machaon dodi,"Canada: Alberta, Lousana",52.07838,-113.00907,M
JRD278,Papilio machaon dodi,"Canada: Alberta, Horsethief Canyon",51.50378,-112.92857,M
JRD279,Papilio machaon dodi,"Canada: Alberta, Orkney Lookout along Red Deer River",51.54887,-112.89692,M
JRD280,Papilio machaon dodi,"Canada: Alberta, Morrin Bridge",51.64462,-112.92085,M
JRD281,Papilio machaon dodi,"Canada: Alberta, Lousana",52.07838,-113.00907,M
JRD282,Papilio machaon dodi,"Canada: Alberta, Orkney Lookout along Red Deer River",51.54887,-112.89692,M
JRD283,Papilio machaon dodi,"Canada: Alberta, Orkney Lookout along Red Deer River",51.54887,-112.89692,M
JRD284,Papilio machaon dodi,"Canada: Alberta, Orkney Lookout along Red Deer River",51.54887,-112.89692,M
JRD285,Papilio machaon dodi,"Canada: Alberta, Tolman Bridge",51.84258,-113.00796,M
JRD286,Papilio machaon dodi,"Canada: Alberta, Tolman Bridge",51.84258,-113.00796,M
JRD287,Papilio machaon dodi,"Canada: Alberta, Lousana",52.07838,-113.00907,M
JRD288,Papilio machaon dodi,"Canada: Alberta, Lousana",52.07838,-113.00907,M
JRD289,Papilio machaon dodi,"Canada: Alberta, Morrin Bridge",51.64462,-112.92085,M
JRD290,Papilio machaon dodi,"Canada: Alberta, Orkney Lookout along Red Deer River",51.54887,-112.89692,M
JRD291,Papilio machaon dodi,"Canada: Alberta, Orkney Lookout along Red Deer River",51.54887,-112.89692,M
JRD292,Papilio machaon dodi,"Canada: Alberta, Lousana",52.07838,-113.00907,M
JRD293,Papilio machaon dodi,"Canada: Alberta, Lousana",52.07838,-113.00907,M
JRD295,Papilio zelicaon ,"Canada: Alberta, Wintering Hills East",51.25993,-112.45478,Z
JRD296,Papilio zelicaon ,"Canada: Alberta, Wintering Hills East",51.25993,-112.45478,Z
JRD297,Papilio zelicaon ,"Canada: Alberta, Wintering Hills East",51.25993,-112.45478,Z
JRD298,Papilio zelicaon ,"Canada: Alberta, Wintering Hills East",51.25993,-112.45478,Z
JRD299,Papilio machaon dodi,"Canada: Alberta, Wintering Hills East",51.25993,-112.45478,M
JRD300,Papilio zelicaon ,"Canada: Alberta, Wintering Hills East",51.25993,-112.45478,Z
JRD301,Papilio zelicaon ,"Canada: Alberta, Wintering Hills West",51.2552,-112.62614,Z
JRD302,Papilio zelicaon ,"Canada: Alberta, Wintering Hills West",51.2552,-112.62614,Z
JRD303,Papilio zelicaon ,"Canada: Alberta, Wintering Hills East",51.25993,-112.45478,Z
JRD304,Papilio zelicaon ,"Canada: Alberta, Wintering Hills East",51.25993,-112.45478,Z
JRD305,Papilio machaon dodi,"Canada: Alberta, Wintering Hills East",51.25993,-112.45478,M
JRD306,Papilio zelicaon ,"Canada: Alberta, Wintering Hills East",51.25993,-112.45478,Z
JRD307,Papilio zelicaon ,"Canada: Alberta, Wintering Hills East",51.25993,-112.45478,Z
JRD308,Papilio machaon dodi,"Canada: Alberta, Wintering Hills East",51.25993,-112.45478,M
JRD309,Papilio zelicaon ,"Canada: Alberta, Wintering Hills East",51.25993,-112.45478,Z
JRD310,Papilio machaon dodi,"Canada: Alberta, Wintering Hills East",51.25993,-112.45478,M
JRD311,Papilio machaon dodi,"Canada: Alberta, Drumheller Town",51.47276,-112.70495,M
JRD312,Papilio machaon dodi,"Canada: Alberta, Drumheller Town",51.47276,-112.70495,M
JRD313,Papilio zelicaon ,"Canada: Alberta, Wintering Hills West",51.2552,-112.62614,Z
JRD314,Papilio zelicaon ,"Canada: Alberta, Wintering Hills West",51.2552,-112.62614,Z
JRD315,Papilio zelicaon ,"Canada: Alberta, Hand Hills",51.53452,-112.3661,Z
JRD316,Papilio machaon dodi,"Canada: Alberta, Wintering Hills East",51.25993,-112.45478,M
JRD317,Papilio zelicaon ,"Canada: Alberta, Wintering Hills East",51.25993,-112.45478,Z
JRD318,Papilio zelicaon ,"Canada: Alberta, Wintering Hills East",51.25993,-112.45478,Z
JRD319,Papilio zelicaon ,"Canada: Alberta, Wintering Hills West",51.2552,-112.62614,Z
JRD320,Papilio zelicaon ,"Canada: Alberta, Wintering Hills West",51.2552,-112.62614,Z
JRD321,Papilio zelicaon x machaon ,"Canada: Alberta, Buck Mountain",53.05209,-114.73961,Z
JRD322,Papilio zelicaon x machaon ,"Canada: Alberta, Buck Mountain",53.05209,-114.73961,Z
JRD323,Papilio zelicaon x machaon ,"Canada: Alberta, Buck Mountain",53.05209,-114.73961,Z
JRD324,Papilio zelicaon x machaon ,"Canada: Alberta, Buck Mountain",53.05209,-114.73961,Z
JRD325,Papilio zelicaon x machaon ,"Canada: Alberta, Buck Mountain",53.05209,-114.73961,Z
JRD326,Papilio zelicaon x machaon ,"Canada: Alberta, Buck Mountain",53.05209,-114.73961,Z
JRD327,Papilio zelicaon x machaon ,"Canada: Alberta, Buck Mountain",53.05209,-114.73961,Z
JRD328,Papilio zelicaon x machaon ,"Canada: Alberta, Buck Mountain",53.05209,-114.73961,Z
JRD329,Papilio zelicaon x machaon ,"Canada: Alberta, Buck Mountain",53.05209,-114.73961,Z
JRD330,Papilio zelicaon x machaon ,"Canada: Alberta, Buck Mountain",53.05209,-114.73961,Z
JRD331,Papilio zelicaon x machaon ,"Canada: Alberta, Buck Mountain",53.05209,-114.73961,Z
JRD332,Papilio zelicaon x machaon ,"Canada: Alberta, Buck Mountain",53.05209,-114.73961,Z
JRD333,Papilio zelicaon x machaon ,"Canada: Alberta, Buck Mountain",53.05209,-114.73961,Z
JRD334,Papilio zelicaon x machaon ,"Canada: Alberta, Buck Mountain",53.05209,-114.73961,Z
JRD335,Papilio zelicaon ,"Canada: Alberta, Enilda Fire Lookout",55.31975,-116.19717,Z
JRD336,Papilio zelicaon ,"Canada: Alberta, White Mountain",55.6943,-119.23857,Z
JRD337,Papilio zelicaon ,"Canada: Alberta, Enilda Fire Lookout",55.31975,-116.19717,Z
JRD338,Papilio zelicaon ,"Canada: Alberta, Enilda Fire Lookout",55.31975,-116.19717,Z
JRD339,Papilio zelicaon ,"Canada: Alberta, Enilda Fire Lookout",55.31975,-116.19717,Z
JRD340,Papilio zelicaon ,"Canada: Alberta, Enilda Fire Lookout",55.31975,-116.19717,Z
JRD341,Papilio zelicaon ,"Canada: Alberta, Enilda Fire Lookout",55.31975,-116.19717,Z
JRD342,Papilio zelicaon ,"Canada: Alberta, Enilda Fire Lookout",55.31975,-116.19717,Z
JRD343,Papilio zelicaon ,"Canada: Alberta, Enilda Fire Lookout",55.31975,-116.19717,Z
JRD344,Papilio zelicaon ,"Canada: Alberta, Enilda Fire Lookout",55.31975,-116.19717,Z
JRD345,Papilio zelicaon ,"Canada: Alberta, Enilda Fire Lookout",55.31975,-116.19717,Z
JRD346,Papilio zelicaon ,"Canada: Alberta, Enilda Fire Lookout",55.31975,-116.19717,Z
JRD347,Papilio zelicaon ,"Canada: Alberta, Enilda Fire Lookout",55.31975,-116.19717,Z
JRD348,Papilio zelicaon ,"Canada: Alberta, Enilda Fire Lookout",55.31975,-116.19717,Z
JRD349,Papilio zelicaon ,"Canada: Alberta, Enilda Fire Lookout",55.31975,-116.19717,Z
JRD350,Papilio zelicaon ,"Canada: Alberta, Enilda Fire Lookout",55.31975,-116.19717,Z
JRD351,Papilio zelicaon ,"Canada: Alberta, Enilda Fire Lookout",55.31975,-116.19717,Z
JRD352,Papilio zelicaon ,"Canada: Alberta, Enilda Fire Lookout",55.31975,-116.19717,Z
JRD353,Papilio zelicaon ,"Canada: Alberta, Enilda Fire Lookout",55.31975,-116.19717,Z
JRD354,Papilio zelicaon ,"Canada: Alberta, Enilda Fire Lookout",55.31975,-116.19717,Z
JRD355,Papilio zelicaon ,"Canada: Alberta, Enilda Fire Lookout",55.31975,-116.19717,Z
JRD356,Papilio zelicaon ,"Canada: Alberta, Pushwaskau Fire Lookout",55.21875,-117.493,Z
JRD357,Papilio zelicaon ,"Canada: Alberta, Pushwaskau Fire Lookout",55.21875,-117.493,Z
JRD358,Papilio zelicaon ,"Canada: Alberta, Pushwaskau Fire Lookout",55.21875,-117.493,Z
JRD359,Papilio zelicaon ,"Canada: Alberta, Pushwaskau Fire Lookout",55.21875,-117.493,Z
JRD360,Papilio zelicaon ,"Canada: Alberta, Pushwaskau Fire Lookout",55.21875,-117.493,Z
JRD361,Papilio zelicaon ,"Canada: Alberta, Pushwaskau Fire Lookout",55.21875,-117.493,Z
JRD362,Papilio zelicaon ,"Canada: Alberta, Pushwaskau Fire Lookout",55.21875,-117.493,Z
JRD363,Papilio zelicaon ,"Canada: Alberta, Pushwaskau Fire Lookout",55.21875,-117.493,Z
JRD364,Papilio zelicaon ,"Canada: Alberta, Pushwaskau Fire Lookout",55.21875,-117.493,Z
JRD365,Papilio zelicaon ,"Canada: Alberta, Pushwaskau Fire Lookout",55.21875,-117.493,Z
JRD366,Papilio zelicaon ,"Canada: Alberta, Pushwaskau Fire Lookout",55.21875,-117.493,Z
JRD367,Papilio zelicaon ,"Canada: Alberta, Pushwaskau Fire Lookout",55.21875,-117.493,Z
JRD368,Papilio zelicaon ,"Canada: Alberta, Pushwaskau Fire Lookout",55.21875,-117.493,Z
JRD369,Papilio zelicaon ,"Canada: Alberta, Pushwaskau Fire Lookout",55.21875,-117.493,Z
JRD370,Papilio zelicaon ,"Canada: Alberta, Pushwaskau Fire Lookout",55.21875,-117.493,Z
JRD371,Papilio zelicaon ,"Canada: Alberta, Pushwaskau Fire Lookout",55.21875,-117.493,Z
JRD372,Papilio zelicaon ,"Canada: Alberta, Pushwaskau Fire Lookout",55.21875,-117.493,Z
JRD373,Papilio zelicaon ,"Canada: Alberta, Sweathouse Fire Lookout",54.89917,-116.75206,Z
JRD374,Papilio zelicaon ,"Canada: Alberta, Sweathouse Fire Lookout",54.89917,-116.75206,Z
JRD375,Papilio zelicaon ,"Canada: Alberta, Sweathouse Fire Lookout",54.89917,-116.75206,Z
JRD376,Papilio zelicaon ,"Canada: Alberta, Sweathouse Fire Lookout",54.89917,-116.75206,Z
JRD377,Papilio zelicaon ,"Canada: Alberta, Sweathouse Fire Lookout",54.89917,-116.75206,Z
JRD378,Papilio zelicaon ,"Canada: Alberta, Sweathouse Fire Lookout",54.89917,-116.75206,Z
JRD379,Papilio zelicaon ,"Canada: Alberta, Sweathouse Fire Lookout",54.89917,-116.75206,Z
JRD380,Papilio zelicaon ,"Canada: Alberta, Sweathouse Fire Lookout",54.89917,-116.75206,Z
JRD381,Papilio zelicaon ,"Canada: Alberta, Sweathouse Fire Lookout",54.89917,-116.75206,Z
JRD382,Papilio zelicaon ,"Canada: Alberta, Sweathouse Fire Lookout",54.89917,-116.75206,Z
JRD383,Papilio zelicaon ,"Canada: Alberta, Sweathouse Fire Lookout",54.89917,-116.75206,Z
JRD384,Papilio zelicaon ,"Canada: Alberta, Sweathouse Fire Lookout",54.89917,-116.75206,Z
JRD385,Papilio zelicaon ,"Canada: Alberta, Sweathouse Fire Lookout",54.89917,-116.75206,Z
JRD386,Papilio zelicaon x machaon ,"Canada: Alberta, Fish Butte",50.91694,-114.53558,M
JRD387,Papilio zelicaon x machaon ,"Canada: Alberta, Fish Butte",50.91694,-114.53558,M
JRD388,Papilio zelicaon x machaon ,"Canada: Alberta, Fish Butte",50.91694,-114.53558,Z
JRD389,Papilio zelicaon x machaon ,"Canada: Alberta, Fish Butte",50.91694,-114.53558,H
JRD390,Papilio zelicaon x machaon ,"Canada: Alberta, Fish Butte",50.91694,-114.53558,M
JRD391,Papilio zelicaon x machaon ,"Canada: Alberta, Fish Butte",50.91694,-114.53558,H
JRD392,Papilio zelicaon x machaon ,"Canada: Alberta, Fish Butte",50.91694,-114.53558,Z
JRD393,Papilio zelicaon x machaon ,"Canada: Alberta, Fish Butte",50.91694,-114.53558,M
JRD394,Papilio zelicaon x machaon ,"Canada: Alberta, Fish Butte",50.91694,-114.53558,M
JRD395,Papilio zelicaon x machaon ,"Canada: Alberta, Bragg Creek Ski Hill",50.98175,-114.58286,Z
JRD396,Papilio zelicaon x machaon ,"Canada: Alberta, Bragg Creek Ski Hill",50.98175,-114.58286,M
JRD397,Papilio zelicaon x machaon ,"Canada: Alberta, Bragg Creek Ski Hill",50.98175,-114.58286,Z
JRD398,Papilio zelicaon x machaon ,"Canada: Alberta, Bragg Creek Ski Hill",50.98175,-114.58286,M
JRD399,Papilio zelicaon x machaon ,"Canada: Alberta, Bragg Creek Ski Hill",50.98175,-114.58286,Z
JRD400,Papilio zelicaon x machaon ,"Canada: Alberta, Mesa Butte",50.78071,-114.56134,M
JRD401,Papilio zelicaon x machaon ,"Canada: Alberta, Mesa Butte",50.78071,-114.56134,M
JRD402,Papilio zelicaon ,"Canada: Alberta, Saskatoon Hill",55.22422,-119.29686,Z
JRD403,Papilio zelicaon ,"Canada: Alberta, Saskatoon Hill",55.22422,-119.29686,Z
JRD404,Papilio zelicaon ,"Canada: Alberta, Saskatoon Hill",55.22422,-119.29686,Z
JRD405,Papilio zelicaon ,"Canada: Alberta, Saskatoon Hill",55.22422,-119.29686,Z
JRD406,Papilio zelicaon ,"Canada: British Columbia, Bear Mountain",55.72849,-120.44299,Z
JRD407,Papilio zelicaon ,"Canada: British Columbia, Bear Mountain",55.72849,-120.44299,Z
JRD408,Papilio zelicaon ,"Canada: British Columbia, Bear Mountain",55.72849,-120.44299,Z
JRD409,Papilio zelicaon ,"Canada: British Columbia, Bear Mountain",55.72849,-120.44299,Z
JRD410,Papilio zelicaon ,"Canada: British Columbia, Bear Mountain",55.72849,-120.44299,Z
JRD411,Papilio zelicaon ,"Canada: British Columbia, Bear Mountain",55.72849,-120.44299,Z
JRD412,Papilio zelicaon ,"Canada: British Columbia, Bear Mountain",55.72849,-120.44299,Z
JRD413,Papilio zelicaon ,"Canada: British Columbia, Bear Mountain",55.72849,-120.44299,Z
JRD417,Papilio zelicaon ,"Canada: Alberta, Pushwaskau Fire Lookout",55.21875,-117.493,Z
JRD418,Papilio zelicaon ,"Canada: Alberta, Saskatoon Hill",55.22422,-119.29686,Z
JRD419,Papilio zelicaon ,"Canada: Alberta, Saskatoon Hill",55.22422,-119.29686,Z
JRD420,Papilio zelicaon ,"Canada: Alberta, Saskatoon Hill",55.22422,-119.29686,Z
JRD421,Papilio zelicaon ,"Canada: Alberta, Saskatoon Hill",55.22422,-119.29686,Z
JRD422,Papilio zelicaon ,"Canada: Alberta, Saskatoon Hill",55.22422,-119.29686,Z
JRD423,Papilio zelicaon ,"Canada: Alberta, Saskatoon Hill",55.22422,-119.29686,Z
JRD424,Papilio zelicaon ,"Canada: Alberta, Saskatoon Hill",55.22422,-119.29686,Z
JRD426,Papilio zelicaon ,"Canada: Alberta, Saskatoon Hill",55.22422,-119.29686,Z
JRD427,Papilio zelicaon ,"Canada: Alberta, Saskatoon Hill",55.22422,-119.29686,Z
JRD428,Papilio zelicaon ,"Canada: Alberta, Saskatoon Hill",55.22422,-119.29686,Z
JRD429,Papilio zelicaon ,"Canada: Alberta, Saskatoon Hill",55.22422,-119.29686,Z
JRD431,Papilio zelicaon ,"Canada: Alberta, White Mountain",55.6943,-119.23857,Z
JRD432,Papilio zelicaon ,"Canada: Alberta, White Mountain",55.6943,-119.23857,Z
JRD433,Papilio zelicaon ,"Canada: Alberta, Saskatoon Hill",55.22422,-119.29686,Z
JRD436,Papilio zelicaon ,"Canada: British Columbia, Bear Mountain",55.72849,-120.44299,Z
JRD437,Papilio zelicaon x machaon ,"Canada: Alberta, Wildcat Hills",51.28311,-114.67019,M
JRD438,Papilio zelicaon x machaon ,"Canada: Alberta, Wildcat Hills",51.28311,-114.67019,Z
JRD439,Papilio zelicaon x machaon ,"Canada: Alberta, Wildcat Hills",51.28311,-114.67019,M
JRD440,Papilio zelicaon x machaon ,"Canada: Alberta, Wildcat Hills",51.28311,-114.67019,Z
JRD441,Papilio zelicaon x machaon ,"Canada: Alberta, Wildcat Hills",51.28311,-114.67019,Z
JRD442,Papilio zelicaon x machaon ,"Canada: Alberta, Bragg Creek Ski Hill",50.98175,-114.58286,Z
JRD443,Papilio zelicaon x machaon ,"Canada: Alberta, Wildcat Hills",51.28311,-114.67019,Z
JRD444,Papilio zelicaon x machaon ,"Canada: Alberta, Bragg Creek Ski Hill",50.98175,-114.58286,M
JRD445,Papilio zelicaon x machaon ,"Canada: Alberta, Bragg Creek Ski Hill",50.98175,-114.58286,M
JRD446,Papilio zelicaon x machaon ,"Canada: Alberta, Wildcat Hills",51.28311,-114.67019,Z
JRD447,Papilio zelicaon x machaon ,"Canada: Alberta, Mesa Butte",50.78071,-114.56134,H
JRD448,Papilio zelicaon x machaon ,"Canada: Alberta, Wildcat Hills",51.28311,-114.67019,M
JRD449,Papilio machaon pikei,"Canada: British Columbia, Taylor",56.15403,-120.71828,M
JRD450,Papilio machaon pikei,"Canada: British Columbia, Taylor",56.15403,-120.71828,M
JRD451,Papilio machaon pikei,"Canada: British Columbia, Beatton River",56.27525,-120.67391,M
JRD452,Papilio machaon pikei,"Canada: British Columbia, Taylor",56.15403,-120.71828,M
JRD453,Papilio machaon pikei,"Canada: British Columbia, Taylor",56.15403,-120.71828,M
JRD454,Papilio machaon pikei,"Canada: British Columbia, Taylor",56.15403,-120.71828,M
JRD455,Papilio machaon pikei,"Canada: British Columbia, Beatton River",56.27525,-120.67391,M
JRD456,Papilio machaon pikei,"Canada: British Columbia, Beatton River",56.27525,-120.67391,M
JRD457,Papilio machaon pikei,"Canada: British Columbia, Beatton River",56.27525,-120.67391,M
JRD458,Papilio machaon pikei,"Canada: British Columbia, Taylor",56.15403,-120.71828,M
JRD459,Papilio machaon pikei,"Canada: British Columbia, Taylor",56.15403,-120.71828,M
JRD460,Papilio machaon pikei,"Canada: British Columbia, Taylor",56.15403,-120.71828,M
JRD461,Papilio machaon pikei,"Canada: British Columbia, Taylor",56.15403,-120.71828,M
JRD462,Papilio machaon pikei,"Canada: British Columbia, Taylor",56.15403,-120.71828,M
JRD463,Papilio machaon pikei,"Canada: British Columbia, Beatton River",56.27525,-120.67391,M
JRD464,Papilio machaon pikei,"Canada: British Columbia, Taylor",56.15403,-120.71828,M
JRD466,Papilio machaon pikei,"Canada: British Columbia, Clayhurst Ferry",56.12865,-120.05228,M
JRD467,Papilio machaon pikei,"Canada: British Columbia, Clayhurst Ferry",56.12865,-120.05228,M
JRD468,Papilio machaon pikei,"Canada: British Columbia, Taylor",56.15403,-120.71828,M
JRD469,Papilio machaon pikei,"Canada: British Columbia, Taylor",56.15403,-120.71828,M
JRD470,Papilio machaon pikei,"Canada: British Columbia, Taylor",56.15403,-120.71828,M
JRD471,Papilio machaon pikei,"Canada: British Columbia, Beatton River",56.27525,-120.67391,M
JRD473,Papilio machaon pikei,"Canada: British Columbia, Taylor",56.15403,-120.71828,M
JRD474,Papilio machaon pikei,"Canada: British Columbia, Taylor",56.15403,-120.71828,M
JRD475,Papilio machaon pikei,"Canada: British Columbia, Beatton River",56.27525,-120.67391,M
JRD476,Papilio machaon pikei,"Canada: British Columbia, Taylor",56.15403,-120.71828,M
JRD477,Papilio machaon pikei,"Canada: British Columbia, Taylor",56.15403,-120.71828,M
JRD478,Papilio machaon pikei,"Canada: British Columbia, Lynx Ridge Road",56.11653,-121.79996,M
JRD479,Papilio machaon pikei,"Canada: British Columbia, Taylor",56.15403,-120.71828,M
JRD480,Papilio machaon pikei,"Canada: British Columbia, Taylor",56.15403,-120.71828,M
JRD481,Papilio machaon pikei,"Canada: British Columbia, Taylor",56.15403,-120.71828,M
JRD482,Papilio machaon pikei,"Canada: British Columbia, Taylor",56.15403,-120.71828,M
JRD483,Papilio zelicaon ,"Canada: British Columbia, Beatton River",56.27525,-120.67391,Z
JRD484,Papilio machaon pikei,"Canada: British Columbia, Taylor",56.15403,-120.71828,M
JRD485,Papilio machaon dodi,"Canada: Alberta, Tolman Bridge",51.84258,-113.00796,M
JRD486,Papilio machaon dodi,"Canada: Alberta, Tolman Bridge",51.84258,-113.00796,M
JRD487,Papilio machaon dodi,"Canada: Alberta, Lousana",52.07838,-113.00907,M
JRD488,Papilio machaon pikei,"Canada: British Columbia, Clayhurst Ferry",56.12865,-120.05228,M
JRD489,Papilio machaon pikei,"Canada: British Columbia, Lynx Ridge Road",56.11653,-121.79996,M
JRD490,Papilio machaon dodi,"Canada: Alberta, Horsethief Canyon",51.50378,-112.92857,M
JRD491,Papilio machaon dodi,"Canada: Alberta, Tolman Bridge",51.84258,-113.00796,M
JRD492,Papilio machaon dodi,"Canada: Alberta, Tolman Bridge",51.84258,-113.00796,M
JRD493,Papilio machaon pikei,"Canada: British Columbia, Lynx Ridge Road",56.11653,-121.79996,M
JRD494,Papilio machaon dodi,"Canada: Alberta, Horsethief Canyon",51.50378,-112.92857,M
JRD495,Papilio machaon pikei,"Canada: British Columbia, Lynx Ridge Road",56.11653,-121.79996,M
JRD496,Papilio machaon dodi,"Canada: Alberta, Horsethief Canyon",51.50378,-112.92857,M
JRD497,Papilio machaon dodi,"Canada: Alberta, Lousana",52.07838,-113.00907,M
JRD498,Papilio machaon pikei,"Canada: British Columbia, Lynx Ridge Road",56.11653,-121.79996,M
JRD499,Papilio machaon dodi,"Canada: Alberta, Lousana",52.07838,-113.00907,M
JRD500,Papilio machaon dodi,"Canada: Alberta, Lousana",52.07838,-113.00907,M
JRD501,Papilio machaon dodi,"Canada: Alberta, Horsethief Canyon",51.50378,-112.92857,M
JRD502,Papilio machaon dodi,"Canada: Alberta, Horsethief Canyon",51.50378,-112.92857,M
JRD503,Papilio machaon dodi,"Canada: Alberta, Horsethief Canyon",51.50378,-112.92857,M
JRD504,Papilio machaon dodi,"Canada: Alberta, Horsethief Canyon",51.50378,-112.92857,M
JRD505,Papilio machaon dodi,"Canada: Alberta, Horsethief Canyon",51.50378,-112.92857,M
JRD506,Papilio machaon pikei,"Canada: British Columbia, Lynx Ridge Road",56.11653,-121.79996,M
JRD507,Papilio machaon dodi,"Canada: Alberta, Tolman Bridge",51.84258,-113.00796,M
JRD508,Papilio machaon dodi,"Canada: Alberta, Lousana",52.07838,-113.00907,M
JRD509,Papilio machaon dodi,"Canada: Alberta, Lousana",52.07838,-113.00907,M
JRD510,Papilio machaon dodi,"Canada: Alberta, Lousana",52.07838,-113.00907,M
JRD511,Papilio machaon dodi,"Canada: Alberta, Lousana",52.07838,-113.00907,M
JRD512,Papilio machaon dodi,"Canada: Alberta, Horsethief Canyon",51.50378,-112.92857,M
JRD513,Papilio machaon dodi,"Canada: Alberta, Lousana",52.07838,-113.00907,M
JRD514,Papilio machaon dodi,"Canada: Alberta, Orkney Lookout along Red Deer River",51.54887,-112.89692,M
JRD515,Papilio machaon dodi,"Canada: Alberta, Horsethief Canyon",51.50378,-112.92857,M
JRD516,Papilio machaon dodi,"Canada: Alberta, Lousana",52.07838,-113.00907,M
JRD517,Papilio machaon dodi,"Canada: Alberta, Tolman Bridge",51.84258,-113.00796,M
JRD518,Papilio machaon dodi,"Canada: Alberta, Lousana",52.07838,-113.00907,M
JRD519,Papilio machaon dodi,"Canada: Alberta, Orkney Lookout along Red Deer River",51.54887,-112.89692,M
JRD520,Papilio machaon dodi,"Canada: Alberta, Lousana",52.07838,-113.00907,M
JRD521,Papilio machaon dodi,"Canada: Alberta, Lousana",52.07838,-113.00907,M
JRD522,Papilio machaon dodi,"Canada: Alberta, Morrin Bridge",51.64462,-112.92085,M
JRD523,Papilio zelicaon x machaon ,"Canada: Alberta, Buck Mountain",53.05209,-114.73961,Z
JRD524,Papilio zelicaon ,"Canada: Alberta, Wintering Hills West",51.2552,-112.62614,Z
JRD525,Papilio zelicaon ,"Canada: Alberta, Wintering Hills West",51.2552,-112.62614,Z
JRD526,Papilio zelicaon ,"Canada: Alberta, Wintering Hills West",51.2552,-112.62614,Z
JRD527,Papilio zelicaon ,"Canada: Alberta, Wintering Hills West",51.2552,-112.62614,Z
JRD528,Papilio zelicaon ,"Canada: Alberta, Wintering Hills West",51.2552,-112.62614,Z
JRD529,Papilio zelicaon ,"Canada: Alberta, Wintering Hills West",51.2552,-112.62614,Z
JRD530,Papilio zelicaon ,"Canada: Alberta, Wintering Hills West",51.2552,-112.62614,Z
JRD531,Papilio zelicaon ,"Canada: Alberta, Wintering Hills West",51.2552,-112.62614,Z
JRD532,Papilio zelicaon ,"Canada: Alberta, Wintering Hills West",51.2552,-112.62614,Z
JRD533,Papilio zelicaon ,"Canada: Alberta, Wintering Hills West",51.2552,-112.62614,Z
JRD534,Papilio zelicaon ,"Canada: Alberta, Wintering Hills West",51.2552,-112.62614,Z
JRD540,Papilio zelicaon ,"Canada: Alberta, Hand Hills",51.53452,-112.3661,Z
JRD541,Papilio zelicaon ,"Canada: Alberta, Hand Hills",51.53452,-112.3661,Z
JRD542,Papilio zelicaon ,"Canada: Alberta, Hand Hills",51.53452,-112.3661,Z
JRD543,Papilio zelicaon ,"Canada: Alberta, Hand Hills",51.53452,-112.3661,Z
JRD544,Papilio zelicaon ,"Canada: Alberta, Hand Hills",51.53452,-112.3661,Z
JRD545,Papilio zelicaon ,"Canada: Alberta, Hand Hills",51.53452,-112.3661,Z
JRD546,Papilio zelicaon ,"Canada: Alberta, Hand Hills",51.53452,-112.3661,Z
JRD547,Papilio zelicaon ,"Canada: Alberta, Hand Hills",51.53452,-112.3661,Z
JRD548,Papilio zelicaon ,"Canada: Alberta, Hand Hills",51.53452,-112.3661,Z
JRD549,Papilio zelicaon x machaon ,"Canada: Alberta, Antler Hill",52.06313,-113.89374,Z
JRD550,Papilio zelicaon x machaon ,"Canada: Alberta, Antler Hill",52.06313,-113.89374,Z
JRD551,Papilio zelicaon x machaon ,"Canada: Alberta, Antler Hill",52.06313,-113.89374,Z
JRD552,Papilio zelicaon x machaon ,"Canada: Alberta, Antler Hill",52.06313,-113.89374,Z
JRD553,Papilio zelicaon x machaon ,"Canada: Alberta, Antler Hill",52.06313,-113.89374,Z
JRD554,Papilio zelicaon x machaon ,"Canada: Alberta, Antler Hill",52.06313,-113.89374,Z
JRD555,Papilio zelicaon x machaon ,"Canada: Alberta, Antler Hill",52.06313,-113.89374,Z
JRD556,Papilio zelicaon x machaon ,"Canada: Alberta, Antler Hill",52.06313,-113.89374,Z
JRD557,Papilio zelicaon ,"Canada: Alberta, Wintering Hills West",51.2552,-112.62614,Z
JRD558,Papilio zelicaon ,"Canada: Alberta, Wintering Hills West",51.2552,-112.62614,Z
JRD559,Papilio zelicaon ,"Canada: Alberta, Wintering Hills West",51.2552,-112.62614,Z
JRD560,Papilio zelicaon ,"Canada: Alberta, Wintering Hills West",51.2552,-112.62614,Z
JRD561,Papilio zelicaon ,"Canada: Alberta, Wintering Hills West",51.2552,-112.62614,Z
JRD562,Papilio zelicaon ,"Canada: Alberta, Wintering Hills West",51.2552,-112.62614,Z
JRD563,Papilio zelicaon ,"Canada: Alberta, Wintering Hills West",51.2552,-112.62614,Z
JRD564,Papilio zelicaon ,"Canada: Alberta, Wintering Hills East",51.25993,-112.45478,Z
JRD565,Papilio zelicaon ,"Canada: Alberta, Wintering Hills East",51.25993,-112.45478,Z
JRD566,Papilio zelicaon ,"Canada: Alberta, Wintering Hills East",51.25993,-112.45478,Z
JRD567,Papilio machaon dodi,"Canada: Alberta, Wintering Hills East",51.25993,-112.45478,M
JRD568,Papilio zelicaon ,"Canada: Alberta, Wintering Hills East",51.25993,-112.45478,Z
JRD569,Papilio zelicaon ,"Canada: Alberta, Wintering Hills East",51.25993,-112.45478,Z
JRD570,Papilio machaon dodi,"Canada: Alberta, Wintering Hills East",51.25993,-112.45478,M
JRD571,Papilio zelicaon ,"Canada: Alberta, Wintering Hills East",51.25993,-112.45478,Z
JRD572,Papilio machaon dodi,"Canada: Alberta, Wintering Hills East",51.25993,-112.45478,M
JRD573,Papilio zelicaon ,"Canada: Alberta, Wintering Hills East",51.25993,-112.45478,Z
JRD574,Papilio zelicaon ,"Canada: Alberta, Wintering Hills East",51.25993,-112.45478,Z
JRD575,Papilio machaon dodi,"Canada: Alberta, Wintering Hills East",51.25993,-112.45478,M
JRD576,Papilio zelicaon ,"Canada: Alberta, Wintering Hills East",51.25993,-112.45478,Z
JRD577,Papilio zelicaon ,"Canada: Alberta, Wintering Hills East",51.25993,-112.45478,Z
JRD578,Papilio zelicaon ,"Canada: Alberta, Wintering Hills East",51.25993,-112.45478,Z
JRD581,Papilio zelicaon x machaon ,"Canada: Alberta, Fish Butte",50.91694,-114.53558,M
JRD582,Papilio zelicaon x machaon ,"Canada: Alberta, Fish Butte",50.91694,-114.53558,Z
JRD583,Papilio zelicaon x machaon ,"Canada: Alberta, Fish Butte",50.91694,-114.53558,H
JRD584,Papilio zelicaon x machaon ,"Canada: Alberta, Fish Butte",50.91694,-114.53558,M
JRD585,Papilio zelicaon x machaon ,"Canada: Alberta, Fish Butte",50.91694,-114.53558,M
JRD586,Papilio zelicaon ,"Canada: Alberta, Whitecourt Mountain",54.03232,-115.72055,Z
JRD587,Papilio zelicaon ,"Canada: Alberta, Whitecourt Mountain",54.03232,-115.72055,Z
JRD588,Papilio zelicaon ,"Canada: Alberta, Whitecourt Mountain",54.03232,-115.72055,Z
JRD589,Papilio zelicaon ,"Canada: Alberta, Whitecourt Mountain",54.03232,-115.72055,Z
JRD590,Papilio zelicaon ,"Canada: Alberta, Whitecourt Mountain",54.03232,-115.72055,Z
JRD591,Papilio zelicaon ,"Canada: Alberta, Whitecourt Mountain",54.03232,-115.72055,Z
JRD595,Papilio zelicaon ,"Canada: Alberta, Saskatoon Hill",55.22422,-119.29686,Z
JRD596,Papilio zelicaon ,"Canada: Alberta, Saskatoon Hill",55.22422,-119.29686,Z
JRD597,Papilio zelicaon ,"Canada: Alberta, Saskatoon Hill",55.22422,-119.29686,Z
JRD598,Papilio zelicaon ,"Canada: Alberta, Saskatoon Hill",55.22422,-119.29686,Z
JRD599,Papilio zelicaon ,"Canada: Alberta, Saskatoon Hill",55.22422,-119.29686,Z
JRD600,Papilio zelicaon ,"Canada: Alberta, Saskatoon Hill",55.22422,-119.29686,Z
JRD601,Papilio zelicaon ,"Canada: British Columbia, Bear Mountain",55.72849,-120.44299,Z
JRD602,Papilio zelicaon ,"Canada: British Columbia, Bear Mountain",55.72849,-120.44299,Z
JRD603,Papilio zelicaon ,"Canada: British Columbia, Bear Mountain",55.72849,-120.44299,Z
JRD604,Papilio zelicaon ,"Canada: British Columbia, Bear Mountain",55.72849,-120.44299,Z
JRD605,Papilio zelicaon ,"Canada: British Columbia, Bear Mountain",55.72849,-120.44299,Z
JRD606,Papilio zelicaon ,"Canada: British Columbia, Bear Mountain",55.72849,-120.44299,Z
JRD607,Papilio zelicaon ,"Canada: British Columbia, Bear Mountain",55.72849,-120.44299,Z
JRD608,Papilio zelicaon ,"Canada: British Columbia, Bear Mountain",55.72849,-120.44299,Z
JRD609,Papilio zelicaon ,"Canada: British Columbia, Bear Mountain",55.72849,-120.44299,Z
JRD610,Papilio zelicaon ,"Canada: British Columbia, Bear Mountain",55.72849,-120.44299,Z
JRD611,Papilio zelicaon ,"Canada: British Columbia, Bear Mountain",55.72849,-120.44299,Z
JRD612,Papilio zelicaon ,"Canada: British Columbia, Bear Mountain",55.72849,-120.44299,Z
JRD613,Papilio zelicaon ,"Canada: British Columbia, Bear Mountain",55.72849,-120.44299,Z
JRD614,Papilio zelicaon ,"Canada: British Columbia, Bear Mountain",55.72849,-120.44299,Z
JRD616,Papilio machaon pikei,"Canada: Alberta, Highland Park North",56.13076,-118.88931,M
JRD617,Papilio machaon pikei,"Canada: Alberta, Highland Park North",56.13076,-118.88931,M
JRD618,Papilio machaon pikei,"Canada: Alberta, Highland Park North",56.13076,-118.88931,M
JRD619,Papilio machaon pikei,"Canada: Alberta, Highland Park North",56.13076,-118.88931,M
JRD620,Papilio machaon pikei,"Canada: Alberta, Highland Park North",56.13076,-118.88931,M
JRD621,Papilio machaon pikei,"Canada: Alberta, Highland Park Central",56.01923,-118.80972,M
JRD622,Papilio machaon pikei,"Canada: Alberta, Highland Park Central",56.01923,-118.80972,M
JRD623,Papilio zelicaon ,"Canada: Alberta, White Mountain",55.6943,-119.23857,Z
JRD631,Papilio zelicaon x machaon ,"Canada: Alberta, Jumpingpound Ridge",50.95052,-114.9073,M
JRD632,Papilio zelicaon x machaon ,"Canada: Alberta, Jumpingpound Ridge",50.95052,-114.9073,Z
JRD633,Papilio zelicaon x machaon ,"Canada: Alberta, Jumpingpound Ridge",50.95052,-114.9073,M
JRD634,Papilio zelicaon x machaon ,"Canada: Alberta, Jumpingpound Ridge",50.95052,-114.9073,M
JRD635,Papilio zelicaon x machaon ,"Canada: Alberta, Jumpingpound Ridge",50.95052,-114.9073,Z
JRD636,Papilio zelicaon x machaon ,"Canada: Alberta, Jumpingpound Ridge",50.95052,-114.9073,M
JRD637,Papilio zelicaon x machaon ,"Canada: Alberta, Jumpingpound Ridge",50.95052,-114.9073,Z
JRD638,Papilio zelicaon x machaon ,"Canada: Alberta, Jumpingpound Ridge",50.95052,-114.9073,Z
JRD639,Papilio zelicaon x machaon ,"Canada: Alberta, Jumpingpound Ridge",50.95052,-114.9073,M
JRD640,Papilio zelicaon x machaon ,"Canada: Alberta, Powderface Mountain",50.84316,-114.84863,Z
JRD641,Papilio zelicaon x machaon ,"Canada: Alberta, Powderface Mountain",50.84316,-114.84863,H
JRD642,Papilio zelicaon x machaon ,"Canada: Alberta, Powderface Mountain",50.84316,-114.84863,Z
JRD643,Papilio zelicaon x machaon ,"Canada: Alberta, Powderface Mountain",50.84316,-114.84863,Z
JRD644,Papilio zelicaon x machaon ,"Canada: Alberta, Powderface Mountain",50.84316,-114.84863,Z
JRD645,Papilio zelicaon x machaon ,"Canada: Alberta, Powderface Mountain",50.84316,-114.84863,M
JRD646,Papilio machaon dodi,"Canada: Alberta, Horsethief Canyon",51.50378,-112.92857,M
JRD647,Papilio machaon dodi,"Canada: Alberta, Orkney Lookout along Red Deer River",51.54887,-112.89692,M
JRD648,Papilio machaon dodi,"Canada: Alberta, Orkney Lookout along Red Deer River",51.54887,-112.89692,M
JRD649,Papilio machaon dodi,"Canada: Alberta, Morrin Bridge",51.64462,-112.92085,M
JRD650,Papilio machaon dodi,"Canada: Alberta, Morrin Bridge",51.64462,-112.92085,M
JRD651,Papilio machaon dodi,"Canada: Alberta, Horsethief Canyon",51.50378,-112.92857,M
JRD652,Papilio machaon dodi,"Canada: Alberta, Horsethief Canyon",51.50378,-112.92857,M
JRD653,Papilio zelicaon x machaon ,"Canada: Alberta, Buck Mountain",53.05209,-114.73961,Z
JRD654,Papilio zelicaon x machaon ,"Canada: Alberta, Buck Mountain",53.05209,-114.73961,Z
JRD655,Papilio zelicaon x machaon ,"Canada: Alberta, Buck Mountain",53.05209,-114.73961,Z
JRD656,Papilio zelicaon x machaon ,"Canada: Alberta, Buck Mountain",53.05209,-114.73961,Z
JRD657,Papilio zelicaon x machaon ,"Canada: Alberta, Buck Mountain",53.05209,-114.73961,Z
JRD658,Papilio zelicaon x machaon ,"Canada: Alberta, Buck Mountain",53.05209,-114.73961,Z
JRD659,Papilio zelicaon x machaon ,"Canada: Alberta, Buck Mountain",53.05209,-114.73961,Z
JRD660,Papilio zelicaon x machaon ,"Canada: Alberta, Buck Mountain",53.05209,-114.73961,Z
JRD661,Papilio zelicaon x machaon ,"Canada: Alberta, Buck Mountain",53.05209,-114.73961,Z
JRD662,Papilio zelicaon x machaon ,"Canada: Alberta, Buck Mountain",53.05209,-114.73961,Z
JRD663,Papilio zelicaon x machaon ,"Canada: Alberta, Buck Mountain",53.05209,-114.73961,Z
JRD664,Papilio zelicaon x machaon ,"Canada: Alberta, Buck Mountain",53.05209,-114.73961,Z
JRD665,Papilio zelicaon x machaon ,"Canada: Alberta, Buck Mountain",53.05209,-114.73961,Z
JRD666,Papilio zelicaon x machaon ,"Canada: Alberta, Buck Mountain",53.05209,-114.73961,Z
JRD667,Papilio zelicaon x machaon ,"Canada: Alberta, Buck Mountain",53.05209,-114.73961,Z
JRD668,Papilio zelicaon x machaon ,"Canada: Alberta, Buck Mountain",53.05209,-114.73961,Z
JRD675,Papilio zelicaon x machaon ,"Canada: Alberta, Fish Butte",50.91694,-114.53558,M
JRD676,Papilio zelicaon x machaon ,"Canada: Alberta, Fish Butte",50.91694,-114.53558,Z
JRD677,Papilio zelicaon x machaon ,"Canada: Alberta, Fish Butte",50.91694,-114.53558,M
JRD678,Papilio zelicaon x machaon ,"Canada: Alberta, Fish Butte",50.91694,-114.53558,Z
JRD679,Papilio zelicaon x machaon ,"Canada: Alberta, Fish Butte",50.91694,-114.53558,Z
JRD680,Papilio zelicaon x machaon ,"Canada: Alberta, Fish Butte",50.91694,-114.53558,Z
JRD681,Papilio zelicaon x machaon ,"Canada: Alberta, Fish Butte",50.91694,-114.53558,H
JRD682,Papilio zelicaon x machaon ,"Canada: Alberta, Fish Butte",50.91694,-114.53558,M
JRD683,Papilio zelicaon x machaon ,"Canada: Alberta, Fish Butte",50.91694,-114.53558,M
JRD684,Papilio zelicaon x machaon ,"Canada: Alberta, Fish Butte",50.91694,-114.53558,Z
JRD685,Papilio zelicaon x machaon ,"Canada: Alberta, Fish Butte",50.91694,-114.53558,M
JRD686,Papilio zelicaon x machaon ,"Canada: Alberta, Fish Butte",50.91694,-114.53558,H
JRD687,Papilio zelicaon x machaon ,"Canada: Alberta, Fish Butte",50.91694,-114.53558,M
JRD688,Papilio zelicaon x machaon ,"Canada: Alberta, Buck Mountain",53.05209,-114.73961,Z
JRD689,Papilio zelicaon x machaon ,"Canada: Alberta, Buck Mountain",53.05209,-114.73961,Z
JRD690,Papilio zelicaon x machaon ,"Canada: Alberta, Buck Mountain",53.05209,-114.73961,Z
JRD691,Papilio zelicaon x machaon ,"Canada: Alberta, Buck Mountain",53.05209,-114.73961,Z
JRD692,Papilio zelicaon x machaon ,"Canada: Alberta, Buck Mountain",53.05209,-114.73961,Z
JRD693,Papilio zelicaon x machaon ,"Canada: Alberta, Buck Mountain",53.05209,-114.73961,Z
JRD694,Papilio zelicaon x machaon ,"Canada: Alberta, Buck Mountain",53.05209,-114.73961,Z
JRD695,Papilio zelicaon x machaon ,"Canada: Alberta, Buck Mountain",53.05209,-114.73961,M
JRD696,Papilio zelicaon x machaon ,"Canada: Alberta, Buck Mountain",53.05209,-114.73961,Z
JRD697,Papilio zelicaon x machaon ,"Canada: Alberta, Buck Mountain",53.05209,-114.73961,Z
JRD698,Papilio zelicaon x machaon ,"Canada: Alberta, Buck Mountain",53.05209,-114.73961,Z
JRD699,Papilio zelicaon x machaon ,"Canada: Alberta, Buck Mountain",53.05209,-114.73961,Z
JRD700,Papilio zelicaon x machaon ,"Canada: Alberta, Fish Butte",50.91694,-114.53558,Z
JRD711,Papilio zelicaon ,"Canada: Alberta, Saskatoon Hill",55.21875,-117.493,Z
JRD712,Papilio zelicaon ,"Canada: Alberta, Saskatoon Hill",55.21875,-117.493,Z
JRD713,Papilio zelicaon x machaon ,"Canada: Alberta, Wildcat Hills",51.28311,-114.67019,M
JRD714,Papilio zelicaon x machaon ,"Canada: Alberta, Bragg Creek Ski Hill",50.98175,-114.58286,M
JRD715,Papilio machaon pikei,"Canada: British Columbia, Taylor",56.15403,-120.71828,M
JRD716,Papilio machaon pikei,"Canada: British Columbia, Lynx Ridge Road",56.11653,-121.79996,M
JRD717,Papilio machaon pikei,"Canada: British Columbia, Beatton River",56.27525,-120.67391,M
JRD718,Papilio machaon pikei,"Canada: British Columbia, Taylor",56.15403,-120.71828,M
JRD719,Papilio machaon pikei,"Canada: British Columbia, Taylor",56.15403,-120.71828,M
JRD720,Papilio machaon pikei,"Canada: British Columbia, Lynx Ridge Road",56.11653,-121.79996,M
JRD721,Papilio machaon pikei,"Canada: British Columbia, Lynx Ridge Road",56.11653,-121.79996,M
JRD722,Papilio machaon pikei,"Canada: British Columbia, Clayhurst Ferry",56.12865,-120.05228,M
JRD723,Papilio machaon pikei,"Canada: British Columbia, Lynx Ridge Road",56.11653,-121.79996,M
JRD724,Papilio machaon pikei,"Canada: British Columbia, Beatton River",56.27525,-120.67391,M
JRD725,Papilio machaon pikei,"Canada: British Columbia, Beatton River",56.27525,-120.67391,M
JRD726,Papilio machaon pikei,"Canada: British Columbia, Lynx Ridge Road",56.11653,-121.79996,M
JRD727,Papilio machaon dodi,"Canada: Alberta, Horsethief Canyon",51.50378,-112.92857,M
JRD728,Papilio machaon dodi,"Canada: Alberta, Tolman Bridge",51.84258,-113.00796,M
JRD729,Papilio machaon dodi,"Canada: Alberta, Tolman Bridge",51.84258,-113.00796,M
JRD730,Papilio machaon dodi,"Canada: Alberta, Horsethief Canyon",51.50378,-112.92857,M
JRD732,Papilio machaon dodi,"Canada: Alberta, Tolman Bridge",51.84258,-113.00796,M
JRD733,Papilio machaon dodi,"Canada: Alberta, Horsethief Canyon",51.50378,-112.92857,M
JRD734,Papilio machaon dodi,"Canada: Alberta, Lousana",52.07838,-113.00907,M
JRD735,Papilio machaon dodi,"Canada: Alberta, Tolman Bridge",51.84258,-113.00796,M
JRD736,Papilio machaon dodi,"Canada: Alberta, Horsethief Canyon",51.50378,-112.92857,M
JRD737,Papilio machaon dodi,"Canada: Alberta, Morrin Bridge",51.64462,-112.92085,M
JRD738,Papilio machaon dodi,"Canada: Alberta, Horsethief Canyon",51.50378,-112.92857,M
JRD739,Papilio machaon dodi,"Canada: Alberta, Lousana",52.07838,-113.00907,M
JRD740,Papilio machaon dodi,"Canada: Alberta, Lousana",52.07838,-113.00907,M
JRD741,Papilio machaon dodi,"Canada: Alberta, Tolman Bridge",51.84258,-113.00796,M
JRD742,Papilio machaon dodi,"Canada: Alberta, Morrin Bridge",51.64462,-112.92085,M
JRD743,Papilio machaon dodi,"Canada: Alberta, Lousana",52.07838,-113.00907,M
JRD744,Papilio machaon dodi,"Canada: Alberta, Lousana",52.07838,-113.00907,M
JRD745,Papilio machaon dodi,"Canada: Alberta, Lousana",52.07838,-113.00907,M
JRD746,Papilio machaon dodi,"Canada: Alberta, Orkney Lookout along Red Deer River",51.54887,-112.89692,M
JRD747,Papilio machaon dodi,"Canada: Alberta, Lousana",52.07838,-113.00907,M
JRD748,Papilio machaon dodi,"Canada: Alberta, Lousana",52.07838,-113.00907,M
JRD749,Papilio machaon dodi,"Canada: Alberta, Orkney Lookout along Red Deer River",51.54887,-112.89692,M
JRD750,Papilio machaon dodi,"Canada: Alberta, Lousana",52.07838,-113.00907,M
JRD751,Papilio machaon dodi,"Canada: Alberta, Lousana",52.07838,-113.00907,M
JRD752,Papilio machaon dodi,"Canada: Alberta, Lousana",52.07838,-113.00907,M
JRD753,Papilio zelicaon x machaon ,"Canada: Alberta, Wildcat Hills",51.28311,-114.67019,H
JRD754,Papilio machaon dodi,"Canada: Alberta, Lousana",52.07838,-113.00907,M
JRD755,Papilio zelicaon ,"Canada: Alberta, Whitecourt Mountain",54.03232,-115.72055,Z
JRD756,Papilio zelicaon ,"Canada: Alberta, Whitecourt Mountain",54.03232,-115.72055,Z
JRD757,Papilio zelicaon ,"Canada: Alberta, Whitecourt Mountain",54.03232,-115.72055,Z
JRD758,Papilio zelicaon ,"Canada: Alberta, Whitecourt Mountain",54.03232,-115.72055,Z
JRD759,Papilio zelicaon ,"Canada: Alberta, Whitecourt Mountain",54.03232,-115.72055,Z
JRD760,Papilio zelicaon ,"Canada: Alberta, Kleskun Hills",55.25466,-118.52737,Z
JRD761,Papilio zelicaon ,"Canada: Alberta, Kleskun Hills",55.25466,-118.52737,Z
JRD762,Papilio zelicaon ,"Canada: Alberta, Kleskun Hills",55.25466,-118.52737,Z
JRD763,Papilio zelicaon ,"Canada: Alberta, Kleskun Hills",55.25466,-118.52737,Z
JRD764,Papilio zelicaon ,"Canada: Alberta, Kleskun Hills",55.25466,-118.52737,Z
JRD765,Papilio zelicaon ,"Canada: Alberta, Kleskun Hills",55.25466,-118.52737,Z
JRD766,Papilio zelicaon ,"Canada: British Columbia, Bear Mountain",55.72849,-120.44299,Z
JRD768,Papilio zelicaon ,"Canada: Alberta, Kleskun Hills",55.25466,-118.52737,Z
JRD769,Papilio zelicaon ,"Canada: Alberta, White Mountain",55.6943,-119.23857,Z
JRD771,Papilio zelicaon ,"Canada: Alberta, White Mountain",55.6943,-119.23857,Z
JRD772,Papilio zelicaon ,"Canada: Alberta, Kleskun Hills",55.25466,-118.52737,Z
JRD773,Papilio zelicaon ,"Canada: Alberta, White Mountain",55.6943,-119.23857,Z
JRD774,Papilio zelicaon ,"Canada: Alberta, White Mountain",55.6943,-119.23857,Z
JRD775,Papilio zelicaon ,"Canada: Alberta, White Mountain",55.6943,-119.23857,Z
JRD776,Papilio zelicaon x machaon ,"Canada: Alberta, Medicine Lodge Hills",52.45458,-114.24826,Z
JRD777,Papilio zelicaon x machaon ,"Canada: Alberta, Medicine Lodge Hills",52.45458,-114.24826,Z
JRD778,Papilio zelicaon x machaon ,"Canada: Alberta, Medicine Lodge Hills",52.45458,-114.24826,Z
JRD779,Papilio zelicaon x machaon ,"Canada: Alberta, Medicine Lodge Hills",52.45458,-114.24826,Z
JRD780,Papilio zelicaon x machaon ,"Canada: Alberta, Mesa Butte",50.78071,-114.56134,Z
JRD782,Papilio zelicaon x machaon ,"Canada: Alberta, Bragg Creek Ski Hill",50.98175,-114.58286,Z
JRD783,Papilio zelicaon x machaon ,"Canada: Alberta, Bragg Creek Ski Hill",50.98175,-114.58286,Z
JRD784,Papilio zelicaon x machaon ,"Canada: Alberta, Bragg Creek Ski Hill",50.98175,-114.58286,M
JRD785,Papilio zelicaon x machaon ,"Canada: Alberta, East of Mesa Butte",50.7653,-114.37107,Z
JRD786,Papilio zelicaon x machaon ,"Canada: Alberta, Bragg Creek Ski Hill",50.98175,-114.58286,Z
JRD787,Papilio zelicaon x machaon ,"Canada: Alberta, Wildcat Hills",51.28311,-114.67019,M
JRD788,Papilio zelicaon x machaon ,"Canada: Alberta, Medicine Lodge Hills",52.45458,-114.24826,Z
JRD789,Papilio zelicaon x machaon ,"Canada: Alberta, Bragg Creek Ski Hill",50.98175,-114.58286,H
JRD790,Papilio machaon pikei,"Canada: British Columbia, Clayhurst Ferry",56.12865,-120.05228,M
JRD791,Papilio zelicaon x machaon ,"Canada: Alberta, Mesa Butte",50.78071,-114.56134,Z
JRD792,Papilio machaon pikei,"Canada: Alberta, Shaftsbury",56.12168,-117.41547,M
JRD793,Papilio machaon pikei,"Canada: British Columbia, Taylor",56.15403,-120.71828,M
JRD794,Papilio machaon pikei,"Canada: British Columbia, Taylor",56.15403,-120.71828,M
JRD802,Papilio zelicaon x machaon ,"Canada: Alberta, Buck Mountain",53.05209,-114.73961,Z
JRD803,Papilio zelicaon x machaon ,"Canada: Alberta, Buck Mountain",53.05209,-114.73961,Z
JRD804,Papilio zelicaon x machaon ,"Canada: Alberta, Buck Mountain",53.05209,-114.73961,Z
JRD805,Papilio zelicaon x machaon ,"Canada: Alberta, Buck Mountain",53.05209,-114.73961,Z
JRD806,Papilio zelicaon x machaon ,"Canada: Alberta, Buck Mountain",53.05209,-114.73961,Z
JRD807,Papilio machaon pikei,"Canada: Alberta, Kaufman Hill",56.24883,-117.27408,M
JRD808,Papilio machaon pikei,"Canada: Alberta, Kaufman Hill",56.24883,-117.27408,M
JRD809,Papilio machaon pikei,"Canada: Alberta, Kaufman Hill",56.24883,-117.27408,M
JRD810,Papilio zelicaon x machaon ,"Canada: Alberta, Kaufman Hill",56.24883,-117.27408,H
JRD811,Papilio machaon pikei,"Canada: Alberta, Kaufman Hill",56.24883,-117.27408,M
JRD812,Papilio machaon pikei,"Canada: Alberta, Kaufman Hill",56.24883,-117.27408,M
JRD813,Papilio machaon pikei,"Canada: Alberta, Kaufman Hill",56.24883,-117.27408,M
JRD814,Papilio machaon pikei,"Canada: Alberta, Kaufman Hill",56.24883,-117.27408,M
JRD815,Papilio machaon pikei,"Canada: Alberta, Kaufman Hill",56.24883,-117.27408,M
JRD816,Papilio machaon pikei,"Canada: Alberta, Highland Park North",56.13076,-118.88931,M
JRD817,Papilio machaon pikei,"Canada: Alberta, Highland Park North",56.13076,-118.88931,M
JRD818,Papilio machaon pikei,"Canada: Alberta, Highland Park North",56.13076,-118.88931,M
JRD819,Papilio machaon pikei,"Canada: Alberta, Highland Park North",56.13076,-118.88931,M
JRD820,Papilio machaon pikei,"Canada: Alberta, Highland Park North",56.13076,-118.88931,M
JRD821,Papilio machaon pikei,"Canada: Alberta, Highland Park North",56.13076,-118.88931,M
JRD822,Papilio machaon pikei,"Canada: Alberta, Highland Park North",56.13076,-118.88931,M
JRD823,Papilio machaon pikei,"Canada: Alberta, Highland Park North",56.13076,-118.88931,M
JRD824,Papilio machaon pikei,"Canada: Alberta, Highland Park North",56.13076,-118.88931,M
JRD825,Papilio machaon pikei,"Canada: Alberta, Highland Park North",56.13076,-118.88931,M
JRD826,Papilio machaon pikei,"Canada: Alberta, Highland Park North",56.13076,-118.88931,M
JRD827,Papilio machaon pikei,"Canada: Alberta, Highland Park North",56.13076,-118.88931,M
JRD828,Papilio machaon pikei,"Canada: Alberta, Highland Park Central",56.01923,-118.80972,M
JRD829,Papilio machaon pikei,"Canada: Alberta, Shaftsbury",56.12168,-117.41547,M
JRD830,Papilio machaon pikei,"Canada: Alberta, Shaftsbury",56.12168,-117.41547,M
JRD831,Papilio machaon pikei,"Canada: Alberta, Shaftsbury",56.12168,-117.41547,M
JRD832,Papilio machaon pikei,"Canada: Alberta, Shaftsbury",56.12168,-117.41547,M
JRD833,Papilio machaon pikei,"Canada: Alberta, Shaftsbury",56.12168,-117.41547,M
JRD834,Papilio machaon pikei,"Canada: Alberta, Shaftsbury",56.12168,-117.41547,M
JRD835,Papilio machaon pikei,"Canada: Alberta, Shaftsbury",56.12168,-117.41547,M
JRD836,Papilio machaon pikei,"Canada: Alberta, Shaftsbury",56.12168,-117.41547,M
JRD837,Papilio machaon pikei,"Canada: Alberta, Shaftsbury",56.12168,-117.41547,M
JRD838,Papilio machaon pikei,"Canada: Alberta, Shaftsbury",56.12168,-117.41547,M
JRD839,Papilio machaon pikei,"Canada: Alberta, Shaftsbury",56.12168,-117.41547,M
JRD840,Papilio machaon pikei,"Canada: Alberta, Shaftsbury",56.12168,-117.41547,M
JRD841,Papilio machaon pikei,"Canada: Alberta, Shaftsbury",56.12168,-117.41547,M
JRD842,Papilio machaon pikei,"Canada: Alberta, Shaftsbury",56.12168,-117.41547,M
JRD843,Papilio machaon pikei,"Canada: Alberta, Shaftsbury",56.12168,-117.41547,M
JRD844,Papilio machaon pikei,"Canada: Alberta, Shaftsbury",56.12168,-117.41547,M
JRD845,Papilio zelicaon ,"Canada: British Columbia, Bear Mountain",55.72849,-120.44299,Z
JRD846,Papilio machaon pikei,"Canada: British Columbia, Taylor",56.15403,-120.71828,M
JRD847,Papilio machaon dodi,"Canada: Alberta, Tolman Bridge",51.84258,-113.00796,M
JRD848,Papilio machaon dodi,"Canada: Alberta, Lousana",52.07838,-113.00907,M
JRD849,Papilio zelicaon ,"Canada: Alberta, Whitecourt Mountain",54.03232,-115.72055,Z
JRD850,Papilio zelicaon ,"Canada: Alberta, Whitecourt Mountain",54.03232,-115.72055,Z
JRD851,Papilio zelicaon ,"Canada: Alberta, Whitecourt Mountain",54.03232,-115.72055,Z
JRD852,Papilio zelicaon ,"Canada: Alberta, Kleskun Hills",55.25466,-118.52737,Z
JRD853,Papilio zelicaon ,"Canada: British Columbia, Bear Mountain",55.72849,-120.44299,Z
JRD854,Papilio zelicaon ,"Canada: Alberta, Kleskun Hills",55.25466,-118.52737,Z
JRD855,Papilio zelicaon ,"Canada: Alberta, Kleskun Hills",55.25466,-118.52737,Z
JRD856,Papilio zelicaon ,"Canada: Alberta, White Mountain",55.6943,-119.23857,Z
JRD857,Papilio zelicaon ,"Canada: Alberta, White Mountain",55.6943,-119.23857,Z
JRD859,Papilio zelicaon ,"Canada: Alberta, White Mountain",55.6943,-119.23857,Z
JRD860,Papilio zelicaon ,"Canada: Alberta, Kleskun Hills",55.25466,-118.52737,Z
JRD861,Papilio zelicaon ,"Canada: Alberta, White Mountain",55.6943,-119.23857,Z
JRD862,Papilio zelicaon x machaon ,"Canada: Alberta, Medicine Lodge Hills",52.45458,-114.24826,Z
JRD863,Papilio zelicaon x machaon ,"Canada: Alberta, Medicine Lodge Hills",52.45458,-114.24826,Z
JRD864,Papilio zelicaon x machaon ,"Canada: Alberta, Medicine Lodge Hills",52.45458,-114.24826,Z
JRD865,Papilio zelicaon x machaon ,"Canada: Alberta, Wildcat Hills",51.28311,-114.67019,Z
JRD866,Papilio zelicaon x machaon ,"Canada: Alberta, East of Mesa Butte",50.7653,-114.37107,Z
JRD867,Papilio machaon pikei,"Canada: British Columbia, Taylor",56.15403,-120.71828,M
JRD868,Papilio machaon pikei,"Canada: Alberta, Shaftsbury",56.12168,-117.41547,M
JRD869,Papilio machaon pikei,"Canada: Alberta, Shaftsbury",56.12168,-117.41547,M
JRD870,Papilio machaon pikei,"Canada: Alberta, Shaftsbury",56.12168,-117.41547,M
JRD871,Papilio zelicaon x machaon ,"Canada: Alberta, Mesa Butte",50.78071,-114.56134,Z
JRD872,Papilio machaon pikei,"Canada: Alberta, Shaftsbury",56.12168,-117.41547,M
JRD873,Papilio machaon pikei,"Canada: British Columbia, Clayhurst Ferry",56.12865,-120.05228,M
JRD874,Papilio machaon pikei,"Canada: British Columbia, Beatton River",56.27525,-120.67391,M
JRD875,Papilio machaon pikei,"Canada: British Columbia, Beatton River",56.27525,-120.67391,M
JRD876,Papilio machaon pikei,"Canada: Alberta, Shaftsbury",56.12168,-117.41547,M
JRD877,Papilio machaon pikei,"Canada: British Columbia, Clayhurst Ferry",56.12865,-120.05228,M
JRD878,Papilio machaon pikei,"Canada: British Columbia, Taylor",56.15403,-120.71828,M